{"count":1,"gauges":{"PenguinLearning.CumulativeReward":{"count":47,"max":9.641889,"min":4.572403,"value":7.420984,"weightedAverage":7.614978}},"self":222.0037888,"total":234.12498119999998,"children":{"AgentSendState":{"count":11658,"self":0.5344896,"total":0.6801195,"children":{"CollectObservations":{"count":18623,"self":0.1456299,"total":0.1456299,"children":null}}},"DecideAction":{"count":11658,"self":9.914841599999999,"total":10.8591938,"children":{"RayPerceptionSensor.Perceive":{"count":18623,"self":0.9443522,"total":0.9443522,"children":null}}},"AgentAct":{"count":11658,"self":0.58087749999999994,"total":0.58087749999999994,"children":null}}}