{"count":1,"gauges":{"PenguinLearning.CumulativeReward":{"count":7,"max":7.732112,"min":4.744174,"value":7.66558647,"weightedAverage":7.16566944}},"self":34.8558112,"total":35.830968399999996,"children":{"AgentSendState":{"count":1752,"self":0.0698533,"total":0.09478579999999999,"children":{"CollectObservations":{"count":2796,"self":0.0249325,"total":0.0249325,"children":null}}},"DecideAction":{"count":1752,"self":0.6849489,"total":0.8245701,"children":{"RayPerceptionSensor.Perceive":{"count":2796,"self":0.1396212,"total":0.1396212,"children":null}}},"AgentAct":{"count":1752,"self":0.0548259,"total":0.0548259,"children":null}}}