{"count":1,"gauges":{"PenguinLearning.CumulativeReward":{"count":32,"max":7.80130768,"min":1.731372,"value":7.57930851,"weightedAverage":6.70688152}},"self":128.4526208,"total":134.7695469,"children":{"AgentSendState":{"count":6696,"self":0.258333,"total":0.3351174,"children":{"CollectObservations":{"count":10696,"self":0.0767844,"total":0.0767844,"children":null}}},"DecideAction":{"count":6696,"self":5.1915195999999995,"total":5.7016712,"children":{"RayPerceptionSensor.Perceive":{"count":10696,"self":0.5101517,"total":0.5101517,"children":null}}},"AgentAct":{"count":6696,"self":0.27913299999999996,"total":0.27913299999999996,"children":null}}}