{"count":1,"gauges":{"PenguinLearning.CumulativeReward":{"count":71,"max":7.810677,"min":7.35243225,"value":7.762912,"weightedAverage":7.72569}},"self":263.93072639999997,"total":277.7175382,"children":{"AgentSendState":{"count":13833,"self":0.5585178,"total":0.71403759999999994,"children":{"CollectObservations":{"count":22100,"self":0.15551979999999999,"total":0.15551979999999999,"children":null}}},"DecideAction":{"count":13833,"self":11.354059999999999,"total":12.5423493,"children":{"RayPerceptionSensor.Perceive":{"count":22100,"self":1.1882892,"total":1.1882892,"children":null}}},"AgentAct":{"count":13833,"self":0.5294249,"total":0.5294249,"children":null}}}